location,total_sqft,bath,price,bhk
Rohini Sector 25,8125,2,65,3
"J R Designers Floors, Rohini Sector 24",6666.666667,2,50,2
other,16315.78947,2,155,2
Rohini Sector 24,7000,2,42,2
other,9538.461538,2,62,2
Rohini Sector 24,11923.07692,3,155,4
Rohini Sector 24,7407.407407,3,100,4
other,6153.846154,2,40,2
other,6903.553299,3,68,3
Rohini Sector 22,11538.46154,4,150,4
Rohini Sector 20,5636.363636,2,62,3
Rohini Sector 25,8850.574713,2,77,3
Rohini Sector 24,8730.15873,2,55,2
Rohini Sector 24,7575.757576,2,50,2
other,9609.6675,2,33.1,2
other,7121.212121,2,47,2
Rohini Sector 22,8181.818182,2,45,2
other,15454.54545,3,170,4
other,21739.13043,3,250,3
Rohini Sector 24,9230.769231,2,60,2
other,12941.17647,2,110,2
other,5000,2,45,3
other,12309.66471,1,53,1
other,11666.66667,2,105,2
other,13115.73599,2,120,2
Rohini Sector 20,6363.636364,3,70,3
Rohini Sector 25,8750,2,70,3
other,6800,1,34,1
Rohini Sector 25,178571.4286,2,50,2
other,9722.222222,4,210,4
Lajpat Nagar 1,18750,2,150,2
Lajpat Nagar,11666.66667,2,105,2
"Vikram Vihar, Lajpat Nagar",20833.33333,2,225,3
other,18133.33333,2,136,2
Lajpat Nagar 3,20689.65517,3,300,3
Lajpat Nagar,15000,2,135,2
other,11000,2,89.1,2
Lajpat Nagar,18518.51852,4,250,3
Lajpat Nagar 2,15204.67836,3,260,3
Lajpat Nagar,18181.81818,3,300,3
Lajpat Nagar,9765.625,2,125,2
Lajpat Nagar 3,16666.66667,3,210,3
other,6902.654867,2,78,2
other,19166.66667,2,115,2
Lajpat Nagar 1,13529.41176,2,115,2
Lajpat Nagar 2,17333.33333,3,260,3
other,14444.44444,2,130,2
"Vikram Vihar, Lajpat Nagar",22000,3,220,3
Lajpat Nagar 2,17555.55556,2,158,2
Lajpat Nagar 3,19658.11966,4,575,4
Lajpat Nagar 1,11111.11111,2,100,2
Lajpat Nagar 3,18750,3,300,3
"Vikram Vihar, Lajpat Nagar",19247.59405,3,220,3
"Vikram Vihar, Lajpat Nagar",20869.56522,3,240,3
Lajpat Nagar 3,21000,3,315,3
Lajpat Nagar 2,17176.47059,2,146,2
Lajpat Nagar,30000,5,2400,4
Lajpat Nagar 1,9325.842697,2,83,2
"Vikram Vihar, Lajpat Nagar",20454.54545,3,225,3
other,6133.333333,1,46,1
"Siddhartha Heights, Dwarka Sector 24",2235.294118,1,19,2
"MTNL Employees House Welfare Society, Dwarka Sector 24",3800,2,51.3,3
"Delhi Homes Yojana, Dwarka Sector 24",4246.575342,4,58.9,4
"The Elite Spire, Dwarka Sector 21",3523.809524,2,37,3
"Kunj Vihar Apartment, Dwarka Sector 12",11600,2,174,3
"Ashirwad Apartments, Dwarka Sector 12",12916.66667,3,155,3
"MTNL Employees House Welfare Society, Dwarka Sector 24",3428.571429,1,24,2
"Sunny Valley Apartments, Dwarka",10117.64706,2,172,3
other,9161.290323,2,142,3
other,9642.857143,3,135,3
other,15789.47368,4,300,4
other,9722.222222,3,210,4
other,12058.82353,3,205,4
other,12972.97297,4,240,3
other,9166.666667,2,165,4
other,9197.530864,2,149,3
other,10666.66667,3,192,4
other,9415.584416,3,145,3
other,9750,3,156,3
other,8142.857143,2,114,3
other,13695.65217,4,315,4
other,10128.20513,2,158,3
other,10666.66667,3,160,3
other,9415.584416,3,145,3
other,10000,2,105,2
other,8222.222222,2,148,3
other,4625,1,18.5,1
other,5913.043478,2,68,3
other,9311.47541,3,142,3
Lajpat Nagar 3,9888.888889,1,89,1
Lajpat Nagar 3,25862.06897,3,375,3
Lajpat Nagar 3,20689.65517,3,300,3
Lajpat Nagar 3,16666.66667,3,210,3
Lajpat Nagar 3,19658.11966,4,575,4
Lajpat Nagar 3,17543.85965,3,300,3
Lajpat Nagar 3,18750,3,300,3
Lajpat Nagar 3,21000,3,315,3
Lajpat Nagar 3,13636.36364,3,300,3
Lajpat Nagar 3,30740.74074,3,415,3
Lajpat Nagar 3,14502.92398,3,248,3
Lajpat Nagar 3,25925.92593,3,350,3
Lajpat Nagar 3,26666.66667,3,400,3
Lajpat Nagar 3,15972.22222,5,460,4
Lajpat Nagar 3,20370.37037,4,550,4
Lajpat Nagar 3,17500,3,245,3
Lajpat Nagar 3,13611.11111,3,245,3
Lajpat Nagar 3,23214.28571,3,325,3
Lajpat Nagar 3,20000,2,200,2
Lajpat Nagar,30000,5,2400,4
Lajpat Nagar 3,20000,2,200,2
Lajpat Nagar 3,11176.47059,3,190,3
Lajpat Nagar 3,16250,3,260,3
Lajpat Nagar 3,15555.55556,3,210,3
Lajpat Nagar 3,16176.47059,3,275,3
Lajpat Nagar 3,23214.28571,3,325,3
Lajpat Nagar 3,31034.48276,3,450,3
Lajpat Nagar 3,15555.55556,3,210,3
Lajpat Nagar 3,16470.58824,3,280,3
Lajpat Nagar 3,18437.5,3,295,3
Lajpat Nagar 2,17500,2,140,2
Lajpat Nagar 2,15204.67836,3,260,3
Lajpat Nagar 2,9259.259259,2,125,2
Lajpat Nagar 2,17333.33333,3,260,3
other,15333.33333,2,115,2
Lajpat Nagar 2,17176.47059,2,146,2
Lajpat Nagar 2,16190.47619,3,255,3
Lajpat Nagar 2,18507.46269,3,310,3
Lajpat Nagar 2,16296.2963,3,220,3
Lajpat Nagar 2,14888.88889,2,134,2
Lajpat Nagar 2,19444.44444,3,350,3
Lajpat Nagar 2,12222.22222,2,110,2
other,7000,2,63,2
Lajpat Nagar 2,13888.88889,2,125,2
Lajpat Nagar 2,18125,2,145,2
Lajpat Nagar 2,20454.54545,3,225,2
Lajpat Nagar 2,19135.80247,2,155,2
Lajpat Nagar 2,17333.33333,3,260,3
Lajpat Nagar 2,17555.55556,2,158,2
Lajpat Nagar 2,18181.81818,2,150,2
Lajpat Nagar 2,14444.44444,2,130,2
Lajpat Nagar 2,17142.85714,2,150,2
Lajpat Nagar 2,18518.51852,3,250,3
Lajpat Nagar 2,22000,2,165,2
Lajpat Nagar 2,11444.44444,2,103,2
Lajpat Nagar 2,19259.25926,3,260,3
Lajpat Nagar 2,12222.22222,2,110,2
Lajpat Nagar 2,15833.33333,3,285,3
Lajpat Nagar 2,12222.22222,2,110,2
Budh Vihar,12222.22222,1,110,2
Budh Vihar,5555.555556,2,45,3
other,8000,1,36,2
Budh Vihar Phase 1,43000,2,43,3
Budh Vihar,4444.444444,2,40,3
Budh Vihar Phase 1,3300,2,16.5,2
Budh Vihar,4444.444444,1,20,1
Budh Vihar,40000,2,30,2
Budh Vihar Phase 1,5185.185185,1,14,2
Budh Vihar Phase 1,4000,1,20,2
Budh Vihar Phase 1,4504.504505,2,20,2
Budh Vihar,5000,1,20,1
Budh Vihar,3566.529492,4,26,3
Budh Vihar Phase 1,1259.259259,3,51,6
other,2500,4,60,6
Budh Vihar,8888.888889,2,40,2
other,15308.64198,3,62,2
Budh Vihar Phase 1,5255.255255,2,35,1
other,7600,2,76,2
Rohini Sector 24,9926.470588,3,135,4
Rohini Sector 24,8064.516129,3,125,4
Rohini Sector 23,7647.058824,2,65,3
Rohini Sector 23,10138.24885,4,220,4
Rohini Sector 23,8333.333333,2,60,3
Rohini Sector 23,8588.235294,2,73,3
Rohini Sector 23,8000,2,76,3
Rohini Sector 23,8695.652174,4,200,4
Rohini Sector 22,11538.46154,4,150,4
Rohini Sector 20,5636.363636,2,62,3
Rohini Sector 20,6019.417476,2,62,3
other,6571.428571,1,23,1
"J R Designers Floors, Rohini Sector 24",6666.666667,2,50,2
"J R Designers Floors, Rohini Sector 24",6527.777778,2,47,2
"J R Designers Floors, Rohini Sector 24",6875,2,55,2
"J R Designers Floors, Rohini Sector 24",5714.285714,1,20,1
"J R Designers Floors, Rohini Sector 24",7448.979592,2,73,3
"J R Designers Floors, Rohini Sector 24",8125,3,130,4
"J R Designers Floors, Rohini Sector 24",7931.034483,3,115,3
"J R Designers Floors, Rohini Sector 24",6292.134831,2,28,2
"J R Designers Floors, Rohini Sector 24",5789.473684,1,22,1
"J R Designers Floors, Rohini Sector 24",6470.588235,2,44,2
"J R Designers Floors, Rohini Sector 24",8437.5,3,135,3
"J R Designers Floors, Rohini Sector 24",6507.936508,2,41,2
"J R Designers Floors, Rohini Sector 24",8000,2,120,3
"J R Designers Floors, Rohini Sector 24",6363.636364,2,35,2
"J R Designers Floors, Rohini Sector 24",6000,3,150,4
"J R Designers Floors, Rohini Sector 24",6250,4,175,5
"J R Designers Floors, Rohini Sector 24",6333.333333,1,19,1
"J R Designers Floors, Rohini Sector 24",6875,2,55,3
"J R Designers Floors, Rohini Sector 24",7722.007722,2,100,3
"J R Designers Floors, Rohini Sector 24",6714.285714,2,47,3
"J R Designers Floors, Rohini Sector 24",6857.142857,1,24,1
"J R Designers Floors, Rohini Sector 24",8444.444444,2,38,2
"J R Designers Floors, Rohini Sector 24",10454.54545,4,230,4
"J R Designers Floors, Rohini Sector 24",10652.17391,4,245,4
"J R Designers Floors, Rohini Sector 24",8695.652174,2,100,3
"J R Designers Floors, Rohini Sector 24",6875,2,55,3
"J R Designers Floors, Rohini Sector 24",8235.294118,2,70,3
"J R Designers Floors, Rohini Sector 24",9027.777778,2,65,3
"The Leela Sky Villas, Patel Nagar",28796.92833,4,1350,5
"J R Designers Floors, Rohini Sector 24",6666.666667,2,50,2
"The Leela Sky Villas, Patel Nagar",23840.04102,4,930,4
"Uttam Nagar Floors, Uttam Nagar",4600,2,43.7,3
"Virat Residency, Dwarka Mor",4620,2,46.2,3
"Siddhartha Heights, Dwarka Sector 24",2235.294118,1,19,2
other,29166.66667,4,700,4
"MTNL Employees House Welfare Society, Dwarka Sector 24",3800,2,51.3,3
"Adarsh Homes, Dwarka Mor",5555.555556,2,30,2
"Delhi Homes Yojana, Dwarka Sector 24",4246.575342,4,58.9,4
"Kushwaha Homes, Uttam Nagar",6111.111111,2,33,2
"Godrej South Estate, Okhla",25512.29508,2,249,2
"The Elite Spire, Dwarka Sector 21",3523.809524,2,37,3
other,22222.22222,3,600,4
"Kunj Vihar Apartment, Dwarka Sector 12",11600,2,174,3
other,17586.2069,5,510,5
other,33830.84577,6,1700,5
"Partap Homes, Bhagwati Vihar, Uttam Nagar",5510,2,55.1,3
"The Amaryllis, Karol Bagh",22026.43172,3,250,3
"The Leela Sky Villas, Patel Nagar",24718.12663,3,570,3
other,3458.823529,2,29.4,2
"Ashirwad Apartments, Dwarka Sector 12",12916.66667,3,155,3
"Sunny Valley Apartments, Dwarka",10117.64706,2,172,3
other,30555.55556,3,550,4
Vasant Kunj,13636.36364,2,150,2
Greater Kailash 1,2312.92517,4,510,4
Rohini Sector 24,8387.096774,3,130,4
Greater Kailash 1,18750,3,300,3
other,3428.571429,2,24,2
"Batla House, Okhla",122222.2222,3,55,4
other,12820.51282,4,450,4
New Friends Colony,13333.33333,4,600,4
New Friends Colony,36111.11111,4,650,4
"Maharani Bagh, New Friends Colony",36666.66667,5,2200,5
other,13953.48837,4,600,4
"Friends Colony East, New Friends Colony",22647.05882,3,385,3
"Maharani Bagh, New Friends Colony",20000,3,500,3
New Friends Colony,16666.66667,4,750,4
other,28571.42857,4,700,4
"Maharani Bagh, New Friends Colony",15458.9372,7,1600,4
"Maharani Bagh, New Friends Colony",17708.33333,4,850,3
New Friends Colony,25000,3,400,3
New Friends Colony,25714.28571,4,900,4
New Friends Colony,26666.66667,5,560,4
"Friends Colony East, New Friends Colony",32261.90476,5,1355,5
New Friends Colony,40000,3,600,3
"Maharani Bagh, New Friends Colony",20858.89571,5,1700,4
other,22727.27273,4,500,4
New Friends Colony,16571.42857,5,580,4
"Friends Colony East, New Friends Colony",18115.94203,3,375,3
"Maharani Bagh, New Friends Colony",12857.14286,3,450,3
New Friends Colony,35000,4,700,4
other,10535.71429,4,295,6
New Friends Colony,23529.41176,4,600,4
New Friends Colony,15555.55556,4,700,4
New Friends Colony,35714.28571,3,500,3
New Friends Colony,26785.71429,5,750,4
other,19444.44444,4,525,4
New Friends Colony,12222.22222,4,550,4
"Maharani Bagh, New Friends Colony",16666.66667,4,1200,4
"Kailash Colony, Greater Kailash",23222.57949,4,650,4
"Kailash Colony, Greater Kailash",28301.88679,4,750,4
"Kailash Colony, Greater Kailash",21590.90909,4,475,4
"Kailash Colony, Greater Kailash",20000,5,700,5
"Kailash Colony, Greater Kailash",21590.90909,4,475,4
"Kailash Colony, Greater Kailash",18181.81818,4,400,4
"Kailash Colony, Greater Kailash",24285.71429,4,850,4
"Kailash Colony, Greater Kailash",18055.55556,3,260,3
"Kailash Colony, Greater Kailash",11111.11111,4,350,4
"Kailash Colony, Greater Kailash",22222.22222,2,200,2
"Kailash Colony, Greater Kailash",21409.21409,5,790,4
"Kailash Colony, Greater Kailash",14166.66667,2,170,3
"Kailash Colony, Greater Kailash",10555.55556,4,475,4
"Kailash Colony, Greater Kailash",15362.62951,4,430,4
"Kailash Colony, Greater Kailash",19259.25926,3,260,3
"Kailash Colony, Greater Kailash",20833.33333,3,250,3
"Kailash Colony, Greater Kailash",23426.73404,5,510,4
"Kailash Colony, Greater Kailash",26666.66667,3,400,3
"Kailash Colony, Greater Kailash",14062.5,3,225,3
"Kailash Colony, Greater Kailash",15555.55556,4,700,4
"Kailash Colony, Greater Kailash",20930.23256,4,450,4
"Kailash Colony, Greater Kailash",24252.49169,4,511,4
"Kailash Colony, Greater Kailash",22173.91304,3,255,3
"Kailash Colony, Greater Kailash",21370.96774,3,265,3
"Kailash Colony, Greater Kailash",15000,2,150,2
"Kailash Colony, Greater Kailash",12222.22222,4,550,4
"Kailash Colony, Greater Kailash",22608.69565,3,260,3
"Kailash Colony, Greater Kailash",19000,4,380,4
"Kailash Colony, Greater Kailash",16111.11111,5,725,4
"Kailash Colony, Greater Kailash",21666.66667,5,650,4
other,6571.428571,2,46,2
other,12266.66667,2,92,2
other,7037.037037,3,95,4
"Naveen Shahdara, Shahdara",5000,2,45,2
other,6701.030928,2,65,3
other,5650,2,56.5,3
"Naveen Shahdara, Shahdara",6526.315789,3,93,3
Shahdara,6136.363636,2,27,2
other,6391.347099,2,65,2
other,8923.076923,2,58,2
Shahdara,5789.473684,2,55,3
"Yamuna Vihar, Shahdara",7407.407407,2,60,3
other,6000,2,45,2
Shahdara,4141.414141,2,41,2
other,4750,2,38,3
Shahdara,4888.888889,1,33,2
other,5197.132616,1,29,2
other,4494.382022,1,20,2
other,4305.555556,1,15.5,2
other,8370.37037,3,113,4
other,5294.117647,2,45,3
other,3900.70922,1,33,2
other,8846.153846,3,115,4
other,6666.666667,2,60,3
other,8571.428571,2,90,3
other,5294.117647,2,45,2
Shahdara,8484.848485,3,140,4
other,6347.826087,2,73,2
Shahdara,3837.303192,1,19,1
"Naveen Shahdara, Shahdara",6647.673314,2,70,3
"Yamuna Vihar, Shahdara",7407.407407,2,60,3
"Yamuna Vihar, Shahdara",8533.333333,2,64,1
"Yamuna Vihar, Shahdara",5000,1,27,2
"Yamuna Vihar, Shahdara",8701.472557,2,65,2
"Yamuna Vihar, Shahdara",5555.555556,1,40,2
"Yamuna Vihar, Shahdara",7963.125421,1,30,1
"Yamuna Vihar, Shahdara",4444.444444,2,50,2
"Yamuna Vihar, Shahdara",8415.147265,2,60,2
"Yamuna Vihar, Shahdara",6944.444444,1,25,1
"Yamuna Vihar, Shahdara",7222.222222,2,65,2
"Yamuna Vihar, Shahdara",11220.19635,1,80,3
"Yamuna Vihar, Shahdara",5357.142857,1,27,2
"Yamuna Vihar, Shahdara",64285.71429,2,45,1
"Yamuna Vihar, Shahdara",6705.882353,2,57,3
"Yamuna Vihar, Shahdara",10288.06584,3,250,4
"Yamuna Vihar, Shahdara",28282.82828,3,700,3
"Yamuna Vihar, Shahdara",8922.558923,4,265,7
"Yamuna Vihar, Shahdara",8222.222222,2,185,3
"Yamuna Vihar, Shahdara",20000,3,300,5
"Yamuna Vihar, Shahdara",14550.26455,2,220,2
other,22500,2,90,2
"Yamuna Vihar, Shahdara",30092.59259,3,650,3
"Yamuna Vihar, Shahdara",35714.28571,2,225,3
"Yamuna Vihar, Shahdara",26851.85185,3,87,6
"Yamuna Vihar, Shahdara",30555.55556,5,220,6
"Yamuna Vihar, Shahdara",27407.40741,2,185,4
"Yamuna Vihar, Shahdara",22857.14286,1,160,2
"Yamuna Vihar, Shahdara",23703.7037,3,160,4
"Yamuna Vihar, Shahdara",12500,2,90,4
other,5294.117647,2,45,2
Laxmi Nagar,7490.636704,2,60,3
Laxmi Nagar,6000,2,27,1
Laxmi Nagar,6500,2,65,3
Laxmi Nagar,4040.40404,2,40,3
Laxmi Nagar,6190.47619,1,26,2
Laxmi Nagar,7777.777778,1,35,2
Laxmi Nagar,7500,2,75,2
Laxmi Nagar,7777.777778,2,70,3
Laxmi Nagar,5625,2,45,3
Laxmi Nagar,7638.888889,3,55,3
Laxmi Nagar,6000,1,27,2
Laxmi Nagar,3555.555556,2,24,2
Laxmi Nagar,6764.705882,3,115,4
"Guru Angad Nagar West, Laxmi Nagar",6545.454545,2,36,2
"Guru Angad Nagar West, Laxmi Nagar",4392.764858,2,17,1
other,5555.555556,1,25,2
Laxmi Nagar,7333.333333,2,66,4
Laxmi Nagar,7400,1,37,2
other,7936.507937,1,35,2
other,6750,2,54,3
other,5666.666667,2,25.5,2
other,12500,3,125,3
Laxmi Nagar,7832.167832,2,56,2
Laxmi Nagar,11666.66667,2,70,2
Laxmi Nagar,6481.481481,1,35,2
other,112179.4872,4,350,4
Laxmi Nagar,11111.11111,2,90,3
"Guru Angad Nagar West, Laxmi Nagar",8518.518519,1,23,1
Laxmi Nagar,6666.666667,2,60,3
Laxmi Nagar,6000,2,60,3
Uttam Nagar,4907.407407,2,26.5,2
"Uttam Nagar Floors, Uttam Nagar",4600,2,43.7,3
"Virat Residency, Dwarka Mor",4620,2,46.2,3
"Adarsh Homes, Dwarka Mor",5555.555556,2,30,2
"Kushwaha Homes, Uttam Nagar",6111.111111,2,33,2
"Partap Homes, Bhagwati Vihar, Uttam Nagar",5510,2,55.1,3
Dwarka Mor,6400,2,32,2
Uttam Nagar West,4814.814815,2,26,2
Uttam Nagar,5128.205128,2,40,3
Uttam Nagar West,4111.111111,1,18.5,2
Uttam Nagar,4722.222222,1,17,1
other,3111.111111,2,28,3
Uttam Nagar West,4343.434343,2,21.5,2
other,5666.666667,3,68,4
Uttam Nagar,6200,2,62,3
Uttam Nagar,5000,2,31,2
Dwarka Mor,5000,2,34,3
other,4968.944099,2,40,2
other,6584.36214,2,48,2
Uttam Nagar,4629.62963,2,25,2
Uttam Nagar,5555.555556,1,20,1
Uttam Nagar West,3454.545455,2,19,2
other,5794.205794,2,58,3
Dwarka Mor,6444.444444,2,29,2
Uttam Nagar West,3636.363636,1,20,2
other,4727.272727,2,26,2
Uttam Nagar,4296.296296,1,29,2
Uttam Nagar,5470.08547,2,32,2
other,6666.666667,2,54,3
Dwarka Mor,4967.320261,2,38,3
"The Leela Sky Villas, Patel Nagar",28796.92833,4,1350,5
"The Leela Sky Villas, Patel Nagar",23840.04102,4,930,4
other,117142.8571,3,82,2
Patel Nagar West,10000,2,80,3
Patel Nagar West,10555.55556,2,95,3
Patel Nagar West,11904.7619,5,200,4
Patel Nagar West,8222.222222,2,74,2
"Patel Nagar East, Patel Nagar",18750,3,375,3
Patel Nagar West,7500,4,150,4
"The Leela Sky Villas, Patel Nagar",29105.26316,3,553,3
"Patel Nagar East, Patel Nagar",17320.26144,3,265,3
"Patel Nagar East, Patel Nagar",160000,2,160,3
Patel Nagar West,11555.55556,2,104,3
Patel Nagar West,6296.296296,1,17,1
Patel Nagar West,8421.052632,2,80,2
"Patel Nagar East, Patel Nagar",15000,3,270,3
Patel Nagar West,13000,3,195,3
"Patel Nagar East, Patel Nagar",27777.77778,3,500,3
Patel Nagar West,11722.22222,3,211,3
"The Leela Sky Villas, Patel Nagar",24718.12663,3,570,3
Patel Nagar West,6941.176471,3,59,2
other,85714.28571,2,120,3
Patel Nagar West,13333.33333,2,120,3
Patel Nagar West,13333.33333,3,240,3
"Patel Nagar East, Patel Nagar",35000,1,70,1
"Patel Nagar East, Patel Nagar",8417.508418,3,150,3
other,1666.666667,2,15,2
Patel Nagar West,9753.08642,1,39.5,2
Patel Nagar West,8333.333333,3,125,3
other,24242.42424,1,16,3
other,18250,4,365,4
other,16666.66667,2,200,3
Vasant Kunj,13636.36364,2,150,2
Vasant Kunj,17857.14286,2,250,3
"DDA Flats Vasant Kunj, Vasant Kunj",11562.5,2,185,3
other,14687.5,3,235,4
Vasant Kunj,13333.33333,1,80,1
other,14375,2,230,3
"DDA Flats Vasant Kunj, Vasant Kunj",15500,3,310,3
"DDA Flats Sector E Pocket 1, Vasant Kunj",11384.61538,2,74,1
Vasant Kunj,14090.90909,2,155,2
"DDA Flats Sector E Pocket 1, Vasant Kunj",11162.7907,2,120,2
other,16206.89655,2,235,3
other,20833.33333,2,250,3
other,11666.66667,2,70,1
"DDA Flats Vasant Kunj, Vasant Kunj",17500,2,175,2
other,15625,2,250,3
Vasant Kunj Sector C,16571.42857,4,290,4
"DDA Flats Sector E Pocket 1, Vasant Kunj",16846.15385,3,219,3
other,13636.36364,2,75,1
other,10681.81818,3,235,4
Vasant Kunj Sector C,21818.18182,2,240,2
Vasant Kunj,18235.29412,2,310,3
Vasant Kunj,15000,2,165,2
other,5000,2,50,2
other,17777.77778,2,240,3
other,14358.10811,2,170,2
other,20000,2,400,4
Vasant Kunj,6428.571429,4,225,4
Vasant Kunj,22222.22222,3,200,3
"The Leela Sky Villas, Patel Nagar",28796.92833,4,1350,5
"J R Designers Floors, Rohini Sector 24",6666.666667,2,50,2
"The Leela Sky Villas, Patel Nagar",23840.04102,4,930,4
"Uttam Nagar Floors, Uttam Nagar",4600,2,43.7,3
"Virat Residency, Dwarka Mor",4620,2,46.2,3
"Siddhartha Heights, Dwarka Sector 24",2235.294118,1,19,2
other,29166.66667,4,700,4
"MTNL Employees House Welfare Society, Dwarka Sector 24",3800,2,51.3,3
"Adarsh Homes, Dwarka Mor",5555.555556,2,30,2
"Delhi Homes Yojana, Dwarka Sector 24",4246.575342,4,58.9,4
"Kushwaha Homes, Uttam Nagar",6111.111111,2,33,2
"Godrej South Estate, Okhla",25512.29508,2,249,2
"The Elite Spire, Dwarka Sector 21",3523.809524,2,37,3
other,22222.22222,3,600,4
"Kunj Vihar Apartment, Dwarka Sector 12",11600,2,174,3
other,17586.2069,5,510,5
other,33830.84577,6,1700,5
"Partap Homes, Bhagwati Vihar, Uttam Nagar",5510,2,55.1,3
"The Amaryllis, Karol Bagh",22026.43172,3,250,3
"The Leela Sky Villas, Patel Nagar",24718.12663,3,570,3
other,3458.823529,2,29.4,2
"Ashirwad Apartments, Dwarka Sector 12",12916.66667,3,155,3
"Sunny Valley Apartments, Dwarka",10117.64706,2,172,3
other,30555.55556,3,550,4
Vasant Kunj,13636.36364,2,150,2
Greater Kailash 1,2312.92517,4,510,4
Rohini Sector 24,8387.096774,3,130,4
Greater Kailash 1,18750,3,300,3
other,3428.571429,2,24,2
"Batla House, Okhla",122222.2222,3,55,4
"Gandhi Nagar, Shahdara",6444.444444,2,29,2
"Gandhi Nagar, Shahdara",31481.48148,2,170,5
"Gandhi Nagar, Shahdara",18518.51852,3,250,3
"Gandhi Nagar, Shahdara",4444.444444,2,100,3
other,6000,1,75,2
other,7142.857143,1,36,3
other,538461.5385,2,350,3
other,13333.33333,1,60,2
other,9722.222222,2,175,4
other,19444.44444,3,350,4
other,6666.666667,2,102,5
Vasant Kunj Sector C,16571.42857,4,290,4
"Sukhdev Vihar, Okhla",18552.0362,3,410,4
Geeta Colony,7894.736842,2,60,3
other,6250,1,25,2
Geeta Colony,5789.473684,1,22,1
other,23778.7773,2,215,2
other,16666.66667,1,150,4
Geeta Colony,35679.01235,6,289,5
Geeta Colony,55000,2,55,3
other,39000,1,19.5,2
Geeta Colony,65517.24138,1,38,2
other,6888.888889,1,62,2
Shahdara,8484.848485,3,140,4
Laxmi Nagar,7500,2,75,2
other,3133.802817,2,26.7,2
Shahdara,3571.428571,2,25,2
Laxmi Nagar,4040.40404,2,40,3
Laxmi Nagar,7777.777778,1,35,2
Laxmi Nagar,5000,2,50,2
Saket,17352.94118,3,295,4
other,14074.07407,2,190,3
Saket,12142.85714,3,255,4
Saket,28846.15385,4,750,4
Saket,25000,5,750,4
"RWA Flats, Saket",23448.27586,3,340,3
Saket,23170.73171,4,475,4
other,25000,5,750,4
other,12777.77778,3,230,3
other,26666.66667,2,240,3
"RWA Flats, Saket",14333.33333,2,215,3
Saket,19000,2,285,3
other,6944.444444,4,125,4
Saket,26881.72043,3,450,3
Saket,15061.7284,3,305,4
Saket,17307.69231,3,225,3
other,28282.82828,3,280,3
Saket,11904.7619,4,250,3
Saket,14977.77778,4,337,4
Saket,18000,3,270,3
Saket,16111.11111,4,435,4
"RWA Flats, Saket",17058.82353,3,290,3
Saket,17647.05882,3,300,3
Saket,25414.63415,4,521,4
Saket,18055.55556,3,325,3
Saket,13666.66667,2,205,3
Saket,12500,3,250,4
Saket,20000,3,300,3
Saket,2098.765432,5,510,4
Saket,12525.25253,4,310,4
Safdarjung Enclave,20833.33333,3,375,3
"Arjun Nagar, Safdarjung Enclave",25000,3,325,3
Safdarjung Enclave,25000,3,375,3
Safdarjung Enclave,26190.47619,4,550,4
Safdarjung Enclave,48611.11111,4,875,4
Safdarjung Enclave,14818.18182,2,163,2
Safdarjung Enclave,31941.03194,4,650,4
other,22727.27273,3,250,3
Safdarjung Enclave,24516.12903,3,380,3
Safdarjung Enclave,21428.57143,2,150,2
"Arjun Nagar, Safdarjung Enclave",13333.33333,1,20,2
"Arjun Nagar, Safdarjung Enclave",5555.555556,1,30,1
other,10493.82716,2,85,2
other,16923.07692,4,550,4
Safdarjung Enclave,14062.5,3,225,3
Safdarjung Enclave,18125,4,725,4
Safdarjung Enclave,29090.90909,7,1600,6
other,13888.88889,3,125,3
Safdarjung Enclave,17489.71193,2,170,2
Safdarjung Enclave,19879.51807,4,825,4
Safdarjung Enclave,24444.44444,5,550,4
Safdarjung Enclave,21212.12121,3,350,3
other,16283.5249,4,425,4
"Arjun Nagar, Safdarjung Enclave",7833.333333,2,47,2
Safdarjung Enclave,30882.35294,5,525,4
Safdarjung Enclave,35555.55556,4,800,4
"Arjun Nagar, Safdarjung Enclave",12500,2,110,3
Safdarjung Enclave,17619.04762,5,740,4
other,25862.06897,3,375,3
other,23863.63636,4,525,4
other,16049.38272,3,260,3
Paschim Vihar,14378.47866,2,155,3
other,12865.49708,3,220,3
other,18260.86957,3,210,3
"Paschimpuri, Paschim Vihar",11111.11111,2,50,2
Paschim Vihar,12101.21012,3,220,3
other,14722.22222,2,265,3
other,11243.58974,2,87.7,2
other,11111.11111,1,45,1
Paschim Vihar,9444.444444,3,85,2
other,10652.89223,2,86,2
other,15740.74074,3,425,4
Paschim Vihar,11909.09091,2,131,3
"Paschimpuri, Paschim Vihar",11965.81197,2,70,2
other,13935.46949,3,300,3
other,13541.66667,2,130,2
other,12833.33333,3,231,4
Paschim Vihar,14545.45455,2,160,3
Paschim Vihar,13888.88889,2,125,2
other,15123.45679,3,245,3
"Paschimpuri, Paschim Vihar",8465.608466,1,32,1
other,7875,2,63,3
other,11111.11111,3,150,3
other,6705.882353,3,57,3
other,13291.13924,2,210,3
Paschim Vihar,9146.341463,3,75,2
other,10942.76094,1,65,2
other,1933.895921,3,275,3
other,15000,2,120,3
other,12000,2,180,3
other,9750,3,156,3
other,9393.939394,3,155,3
other,9500,3,152,3
other,13157.89474,3,250,3
other,10714.28571,2,150,3
other,10193.54839,2,158,3
other,15750,3,315,4
"Bank Apartments, Aashirwaad Chowk, Dwarka",9333.333333,3,140,3
"Aashirwaad Chowk, Dwarka",8516.129032,2,132,3
"Bank Apartments, Aashirwaad Chowk, Dwarka",9875,2,158,3
other,10125,3,162,3
other,8611.111111,2,155,3
"Aashirwaad Chowk, Dwarka",9863.945578,2,145,3
"Aashirwaad Chowk, Dwarka",9933.333333,2,149,3
other,9828.571429,3,172,3
other,10909.09091,3,180,3
"Aashirwaad Chowk, Dwarka",8378.378378,2,155,3
"Bank Apartments, Aashirwaad Chowk, Dwarka",10675.67568,2,158,3
other,10378.91269,2,126,2
"Aashirwaad Chowk, Dwarka",10869.56522,2,150,3
other,12187.5,2,195,4
other,10473.18612,3,166,3
"Aashirwaad Chowk, Dwarka",10117.64706,3,172,3
other,10833.33333,2,130,2
other,9166.666667,3,165,4
other,10700,2,107,2
other,10800,2,162,3
other,9705.882353,2,165,3
other,8514.285714,2,149,3
other,10185.18519,3,275,4
Commonwealth Games Village 2010,20491.80328,6,625,5
"Common Wealth Games Village, Commonwealth Games Village 2010",20558.00294,5,700,5
Commonwealth Games Village 2010,23666.66667,3,355,3
"Common Wealth Games Village, Commonwealth Games Village 2010",20000,3,421,3
other,17000,5,425,4
"Common Wealth Games Village, Commonwealth Games Village 2010",21052.63158,4,440,3
"Project Commonwealth Games Village 2010, Commonwealth Games Village 2010",17108.91089,5,432,4
"Project Commonwealth Games Village 2010, Commonwealth Games Village 2010",21000,4,525,4
"Common Wealth Games Village, Commonwealth Games Village 2010",16333.33333,4,343,3
other,18793.27399,3,380,3
Commonwealth Games Village 2010,19811.32075,5,525,4
"Common Wealth Games Village, Commonwealth Games Village 2010",20270.27027,3,375,3
"Common Wealth Games Village, Commonwealth Games Village 2010",17619.04762,3,370,3
Commonwealth Games Village 2010,23529.41176,4,400,3
"Common Wealth Games Village, Commonwealth Games Village 2010",17197.14964,3,362,3
"Common Wealth Games Village, Commonwealth Games Village 2010",23200,3,290,2
"Project Commonwealth Games Village 2010, Commonwealth Games Village 2010",16653.60502,5,425,4
Commonwealth Games Village 2010,19280.20566,6,600,5
"Project Commonwealth Games Village 2010, Commonwealth Games Village 2010",17176.47059,3,365,3
"Common Wealth Games Village, Commonwealth Games Village 2010",20581.1138,4,425,3
"Common Wealth Games Village, Commonwealth Games Village 2010",20998.53157,4,715,5
"Common Wealth Games Village, Commonwealth Games Village 2010",21311.47541,5,650,5
"Common Wealth Games Village, Commonwealth Games Village 2010",25217.3913,6,580,5
Commonwealth Games Village 2010,18900.34364,2,275,2
"Project Commonwealth Games Village 2010, Commonwealth Games Village 2010",20588.23529,5,700,5
"Common Wealth Games Village, Commonwealth Games Village 2010",20967.74194,5,650,5
"Common Wealth Games Village, Commonwealth Games Village 2010",20428.57143,3,286,2
"Common Wealth Games Village, Commonwealth Games Village 2010",18344.30856,3,390,3
Commonwealth Games Village 2010,17906.33609,3,325,3
"Project Commonwealth Games Village 2010, Commonwealth Games Village 2010",20000,3,340,3
Alaknanda,23571.42857,2,165,2
"Shivalik Apartments, Alaknanda",14081.63265,2,138,2
"Narmada Apartment, Alaknanda",15555.55556,3,210,3
other,12500,3,225,3
"Aravali Apartments, Alaknanda",15483.85498,2,150,2
"Narmada Apartment, Alaknanda",16000,3,200,3
"Aravali Apartments, Alaknanda",11111.11111,3,200,3
"Shivalik Apartments, Alaknanda",18571.42857,2,260,3
"Narmada Apartment, Alaknanda",19500,3,195,3
other,11944.44444,2,215,4
Alaknanda,17666.66667,3,265,3
"Narmada Apartment, Alaknanda",12500,3,200,3
other,12857.14286,3,180,3
Alaknanda,13571.42857,2,190,3
other,13518.51852,4,365,4
Alaknanda,13636.36364,2,150,2
Alaknanda,14583.33333,2,175,2
Alaknanda,10000,2,140,2
other,14000,3,210,3
Alaknanda,11818.18182,2,156,3
other,14615.38462,3,190,3
"Narmada Apartment, Alaknanda",14347.82609,2,165,2
Alaknanda,13194.44444,3,190,3
"Nilgiri Apartment, Alaknanda",11785.71429,2,165,2
Alaknanda,6666.666667,1,30,1
other,11538.46154,2,150,2
"Nilgiri Apartment, Alaknanda",11916.66667,2,143,2
"Nilgiri Apartment, Alaknanda",14230.76923,2,185,3
other,13571.42857,3,190,3
Alaknanda,13571.42857,3,190,3
other,9000,2,135,3
other,9875,2,158,4
"DDA Flats Sarita Vihar, Sarita Vihar, Mathura Road",14166.66667,4,170,10
other,9687.5,2,155,4
"DDA Flats Sarita Vihar, Sarita Vihar, Mathura Road",12800,2,160,3
"DDA Flats Sarita Vihar, Sarita Vihar, Mathura Road",13578.94737,2,129,2
"DDA Flats Sarita Vihar, Sarita Vihar, Mathura Road",11250,3,135,3
"DDA Flats Sarita Vihar, Sarita Vihar, Mathura Road",12714.28571,2,178,4
"DDA Flats Sarita Vihar, Sarita Vihar, Mathura Road",13894.73684,2,132,2
"DDA Flats Sarita Vihar, Sarita Vihar, Mathura Road",10370.37037,3,140,3
"DDA Flats Sarita Vihar, Sarita Vihar, Mathura Road",11290.32258,2,175,4
"DDA Flats Sarita Vihar, Sarita Vihar, Mathura Road",13076.92308,2,170,3
"DDA Flats Sarita Vihar, Sarita Vihar Pocket K",13000,2,130,2
"DDA Flats Sarita Vihar, Sarita Vihar Pocket K",11333.33333,3,170,3
"DDA Flats Sarita Vihar, Sarita Vihar, Mathura Road",13368.42105,2,127,2
"DDA Flats Sarita Vihar, Sarita Vihar, Mathura Road",11250,2,135,3
"DDA Flats Sarita Vihar, Sarita Vihar, Mathura Road",12428.57143,2,174,4
"DDA Flats Sarita Vihar, Sarita Vihar, Mathura Road",11866.66667,2,178,4
"DDA Flats Sarita Vihar, Sarita Vihar, Mathura Road",12095.2381,2,127,2
"DDA Flats Sarita Vihar, Sarita Vihar, Mathura Road",10451.6129,2,162,4
"DDA Flats Sarita Vihar, Sarita Vihar, Mathura Road",11684.21053,2,111,2
"DDA Flats Sarita Vihar, Sarita Vihar, Mathura Road",11826.08696,2,136,2
"DDA Flats Sarita Vihar, Sarita Vihar Pocket K",11391.30435,2,131,2
"DDA Flats Sarita Vihar, Sarita Vihar, Mathura Road",10869.56522,2,125,2
"DDA Flats Sarita Vihar, Sarita Vihar, Mathura Road",9066.666667,2,136,3
other,6666.666667,4,120,4
other,15384.61538,3,200,3
other,11739.13043,2,135,2
other,9333.333333,2,140,3
other,9391.304348,2,108,2
"New Manglapuri, Sultanpur",10000,2,90,3
"New Manglapuri, Sultanpur",5478.26087,2,63,3
Sultanpur Extension,5500,3,55,3
"New Manglapuri, Sultanpur",5222.222222,1,23.5,1
Sultanpur,6296.296296,3,85,3
Sultanpur Extension,3707.865169,2,16.5,1
"Manglapuri, Sultanpur",8333.333333,2,100,2
"Indra Park Palam, Manglapuri",30000,1,15,1
other,2545.454545,2,28,2
Sultanpur Extension,3714.285714,2,26,2
"New Manglapuri, Sultanpur",4700,1,23.5,1
Sultanpur Extension,4351.851852,1,23.5,1
Sultanpur,4444.444444,1,20,1
Sultanpur,6250,2,50,2
"New Manglapuri, Sultanpur",5000,2,35,2
Sultanpur,6000,2,45,2
Sultanpur,5333.333333,2,40,2
"New Manglapuri, Sultanpur",6750,3,108,3
"New Manglapuri, Sultanpur",10000,2,100,3
"New Manglapuri, Sultanpur",6750,3,108,3
"Manglapuri, Sultanpur",10000,2,90,3
"New Manglapuri, Sultanpur",5000,3,85,3
"New Manglapuri, Sultanpur",5454.545455,2,60,3
"New Manglapuri, Sultanpur",5500,3,55,3
"Manglapuri, Sultanpur",7000,2,70,3
Sultanpur,5454.545455,2,60,3
"Manglapuri, Sultanpur",4836.601307,2,37,3
"Indra Park Palam, Manglapuri",3444.444444,2,31,2
Sultanpur,7500,2,45,2
"Indra Park Palam, Manglapuri",4166.666667,1,15,1
Chhattarpur,7463.157895,2,70.9,3
other,1250,2,45,2
other,4214.559387,3,55,4
Chhattarpur,35000,4,630,3
Chhattarpur,7357.894737,2,69.9,3
Chhattarpur,5500,2,44,2
Chhattarpur Enclave Phase2,6944.444444,4,125,4
Chhattarpur,3750,2,30,2
Chhattarpur,4148.148148,2,28,2
other,4255.319149,3,50,3
Chhattarpur,4000,3,60,3
Chhattarpur,5555.555556,2,45,2
Chhattarpur Enclave Phase2,4444.444444,2,28,2
Chhattarpur,3846.153846,2,25,2
Chhattarpur Enclave Phase2,4722.222222,4,85,4
Chhattarpur,4137.931034,2,30,2
Chhattarpur,5444.444444,2,49,3
Chhattarpur,4666.666667,2,35,2
Chhattarpur Enclave Phase2,4285.714286,2,30,2
Chhattarpur,7389.473684,2,70.2,3
other,37500,4,600,3
Chhattarpur,3888.888889,2,35,2
Chhattarpur,4666.666667,3,70,3
Chhattarpur Enclave Phase2,14000,1,70,2
Chhattarpur Enclave Phase2,4347.826087,3,45,3
other,7260.606061,2,59.9,3
Chhattarpur,3384.615385,3,44,3
Chhattarpur,3267.973856,2,25,2
Chhattarpur Enclave Phase2,2758.62069,1,16,1
Chhattarpur Enclave Phase2,3714.285714,3,65,3
Mehrauli,4230.769231,2,27.5,2
Mehrauli,3703.703704,1,15,1
Mehrauli,3259.259259,1,22,2
Mehrauli,3294.117647,2,28,2
Mehrauli,5625,3,45,3
Mehrauli,4444.444444,1,18,1
Mehrauli,6296.296296,3,85,3
Mehrauli,6296.296296,3,85,3
Mehrauli,3777.777778,1,17,1
other,5384.615385,3,70,3
Mehrauli,5333.333333,2,56,3
Mehrauli,8059.701493,3,135,4
Mehrauli,6800,3,85,3
Mehrauli,5555.555556,3,60,3
"Andheria Mor, Mehrauli",6153.846154,3,72,3
other,5200,2,65,3
"Andheria Mor, Mehrauli",5600,3,84,3
Mehrauli,6296.296296,3,85,3
Mehrauli,4678.362573,2,40,2
Mehrauli,3148.148148,1,17,1
Mehrauli,5746.585355,2,60,3
Mehrauli,3950.617284,1,16,1
Mehrauli,4200,2,21,1
Mehrauli,3777.777778,1,17,1
"Andheria Mor, Mehrauli",3703.703704,1,15,1
Mehrauli,2962.962963,1,12,1
other,3666.666667,1,16.5,1
Mehrauli,20231.21387,2,35,2
Mehrauli,7727.272727,2,85,3
Mehrauli,5333.333333,2,32,2
Mahavir Enclave,5500,2,44,3
Mahavir Enclave Part 1,7272.727273,3,72,4
Mahavir Enclave Part 1,6818.181818,2,75,3
Mahavir Enclave,5909.090909,2,65,3
Mahavir Enclave Part 1,6641.366224,2,35,2
other,6500,2,65,2
Mahavir Enclave Part 1,6200,2,62,3
Mahavir Enclave Part 1,5555.555556,1,25,1
Mahavir Enclave,5000,2,30,2
Mahavir Enclave Part 1,6315.789474,2,60,3
Mahavir Enclave Part 1,5614.035088,2,48,3
Mahavir Enclave,4922.077922,2,37.9,2
Mahavir Enclave,5185.185185,2,42,3
Mahavir Enclave,4084.507042,2,29,2
Mahavir Enclave Part 1,5263.157895,2,50,3
Mahavir Enclave Part 1,4666.666667,1,21,1
Mahavir Enclave Part 1,6400,2,32,2
Mahavir Enclave Part 1,5000,1,30,2
Mahavir Enclave Part 1,5476.190476,1,23,1
Mahavir Enclave Part 1,6555.555556,2,59,3
Mahavir Enclave Part 1,5820.10582,2,55,3
other,6194.690265,2,35,2
other,3777.777778,1,17,2
Mahavir Enclave,4302.325581,1,18.5,1
Mahavir Enclave,4181.818182,2,23,2
Mahavir Enclave,4691.358025,2,38,3
Mahavir Enclave Part 1,6250,2,45,3
other,6111.111111,1,22,2
Mahavir Enclave,6341.463415,2,52,3
other,4793.028322,2,22,2
other,3968.253968,2,15,1
other,4888.888889,1,22,1
other,4222.222222,2,38,2
other,5000,1,18,1
Narela,5091.806158,2,28.5,2
Narela,7142.857143,1,25,1
Narela,9589.041096,1,35,1
"DDA Lig Flats, Narela",5128.205128,1,20,1
other,8571.428571,1,30,1
"DDA Lig Flats, Narela",9523.809524,1,20,1
"DDA Lig Flats, Narela",70000,1,35,1
other,3600,1,18,1
"DDA Lig Flats, Narela",4571.428571,1,16,1
"DDA Lig Flats, Narela",4221.635884,1,16,1
Narela,8445.739082,1,20,1
other,3370.786517,1,15,1
other,6635.93785,1,30,2
Narela,4257.142857,1,14.9,1
"DDA Lig Flats, Narela",8009.153318,1,35,1
other,65573.77049,3,40,3
Narela,3535.353535,2,17.5,2
other,5111.111111,2,46,2
"DDA Lig Flats, Narela",5142.857143,1,18,1
Narela,3247.863248,2,19,2
other,5050.505051,1,10,1
"DDA Lig Flats, Narela",204.0816327,1,10,1
other,481.3633674,1,10,1
"DDA Lig Flats, Narela",70000,1,35,1
Narela,5050.505051,2,50,3
Narela,5176.470588,1,22,1
Malviya Nagar,17333.33333,2,130,2
"Shivalik, Malviya Nagar",24285.71429,3,340,3
"Geetanjali Enclave, Malviya Nagar",16666.66667,4,600,4
"Geetanjali Enclave, Malviya Nagar",24833.33333,5,745,4
"Geetanjali Enclave, Malviya Nagar",27272.72727,5,750,4
"Geetanjali Enclave, Malviya Nagar",30487.80488,4,625,4
other,22333.33333,4,670,4
Malviya Nagar,10000,2,85,2
Malviya Nagar,15333.33333,2,115,2
other,20192.30769,5,525,4
Malviya Nagar,15000,2,120,2
Malviya Nagar,19454.54545,2,107,2
Malviya Nagar,12857.14286,2,90,2
"Geetanjali Enclave, Malviya Nagar",43177.89292,4,1000,3
other,6888.888889,2,62,3
Malviya Nagar,170000,2,170,3
other,13888.88889,3,125,2
Malviya Nagar,8666.666667,2,130,2
other,6461.538462,2,42,3
Malviya Nagar,18000,4,360,4
Malviya Nagar,4600,1,23,1
Malviya Nagar,7200,2,81,2
Malviya Nagar,7692.307692,3,100,3
"Geetanjali Enclave, Malviya Nagar",25000,5,625,4
"Geetanjali Enclave, Malviya Nagar",29545.45455,5,650,4
Malviya Nagar,15503.87597,2,200,3
"Geetanjali Enclave, Malviya Nagar",25555.55556,4,575,4
"Shivalik, Malviya Nagar",22222.22222,3,300,3
"Shivalik, Malviya Nagar",21428.57143,3,300,3
"Shivalik, Malviya Nagar",17647.05882,3,300,3
"Dilshad Colony, Dilshad Garden",7333.333333,1,33,1
other,9800,1,73.5,2
other,8333.333333,1,125,4
"Dilshad Colony, Dilshad Garden",8750,1,35,1
"Dilshad Colony, Dilshad Garden",10000,2,65,2
"Dilshad Colony, Dilshad Garden",7666.666667,2,69,2
"Dilshad Colony, Dilshad Garden",9000,1,36,1
"Dilshad Colony, Dilshad Garden",15000,2,135,3
"DDA Flats Block A, Dilshad Garden",9200,2,92,3
"Dilshad Colony, Dilshad Garden",6172.839506,1,25,1
"DDA Flats Block A, Dilshad Garden",10000,2,170,3
Dilshad Garden,11287.5,2,90.3,3
"Dilshad Colony, Dilshad Garden",8639.991081,2,93,3
other,8666.666667,1,65,2
"Dilshad Colony, Dilshad Garden",7173.913043,1,33,2
"Dilshad Colony, Dilshad Garden",6486.486486,1,24,1
"Dilshad Colony, Dilshad Garden",8333.333333,3,150,3
Dilshad Garden,6481.481481,1,70,3
other,12000,1,42,1
Dilshad Garden,11600,1,58,2
"Dilshad Colony, Dilshad Garden",5333.333333,2,48,3
"Dilshad Colony, Dilshad Garden",9375,2,75,2
other,8571.428571,1,30,1
Dilshad Garden,9987.086465,1,43,1
"Dilshad Colony, Dilshad Garden",5200,1,26,1
Dilshad Garden,4827.586207,2,70,2
"Dilshad Colony, Dilshad Garden",7500,2,60,2
"Dilshad Colony, Dilshad Garden",6700,2,67,2
other,9500,3,95,3
"DDA Flats Block A, Dilshad Garden",10625,2,170,3
Vasundhara Enclave,8888.888889,2,80,2
Vasundhara Enclave,8000,3,120,3
Vasundhara Enclave,8571.428571,2,90,2
other,8846.153846,2,115,3
other,12500,3,200,4
other,9500,2,85.5,2
other,7777.777778,4,105,4
other,12000,2,120,3
other,7857.142857,2,110,3
Vasundhara Enclave,12307.69231,2,120,3
other,10000,2,90,2
Vasundhara Enclave,9090.909091,2,100,2
Vasundhara Enclave,8526.315789,2,81,2
Vasundhara Enclave,7076.923077,3,92,3
Vasundhara Enclave,9732.693626,3,142,3
other,7500,2,75,2
other,8636.363636,2,95,2
other,9655.172414,2,140,3
other,8000,3,116,3
Vasundhara Enclave,10434.78261,3,120,3
Vasundhara Enclave,9615.384615,2,75,2
other,7538.461538,2,98,3
other,8888.888889,3,120,3
other,10416.66667,2,125,3
other,11301.36986,3,165,3
Vasundhara Enclave,8219.178082,3,120,3
Vasundhara Enclave,6545.454545,2,72,2
other,10000,3,150,3
other,9523.809524,2,100,2
other,8148.148148,3,110,3
"Godrej South Estate, Okhla",16466.66667,2,247,2
"Godrej South Estate, Okhla",25512.29508,2,249,2
"Abul Fazal Enclave Part 1, Okhla",6666.666667,1,36,2
"Batla House, Okhla",3777.777778,1,17,1
"Sukhdev Vihar, Okhla",12222.22222,2,110,2
"Sukhdev Vihar, Okhla",30000,4,750,4
"Godrej South Estate, Okhla Phase 1",25318.65518,2,248,2
"Godrej South Estate, Okhla Phase 1",26349.20635,2,249,2
"Godrej South Estate, Okhla Phase 1",25512.29508,2,249,2
"Godrej South Estate, Okhla",16917.04768,2,259,2
"Sukhdev Vihar, Okhla",11700,2,117,2
"Sukhdev Vihar, Okhla",18000,2,135,3
"Abul Fazal Enclave Part-II, Okhla",6111.111111,2,55,3
"Godrej South Estate, Okhla",19841.26984,2,300,2
"Abul Fazal Enclave Part 1, Okhla",141428.5714,2,49.5,3
"Sukhdev Vihar, Okhla",10666.66667,2,160,3
"Sukhdev Vihar, Okhla",10319.91744,4,300,4
"Sukhdev Vihar, Okhla",18552.0362,3,410,4
"Abul Fazal Enclave Part-II, Okhla",5066.666667,2,38,2
"Godrej South Estate, Okhla Phase 1",27354.81047,5,689,4
other,3061.22449,2,18,2
other,2777.777778,1,15,2
"Sukhdev Vihar, Okhla",11363.63636,3,125,3
"Batla House, Okhla",2909.090909,1,16,2
other,3200,2,24,3
"Abul Fazal Enclave Part 1, Okhla",5555.555556,2,70,3
"Abul Fazal Enclave Part-II, Okhla",4592.592593,2,31,2
"Sukhdev Vihar, Okhla",17901.23457,2,145,2
"Sukhdev Vihar, Okhla",19523.80952,5,615,4
"Sukhdev Vihar, Okhla",13750,4,275,4
"The Amaryllis, Karol Bagh",14366.19718,3,255,3
"The Amaryllis, Karol Bagh",22026.43172,3,250,3
"The Amaryllis, Karol Bagh",14776.35783,2,185,2
"The Amaryllis, Karol Bagh",19850,4,397,4
"Dev Nagar, Karol Bagh",12830.18868,1,68,4
other,4909.90991,2,65.4,3
"The Amaryllis, Karol Bagh",21632.25172,3,220,3
"The Amaryllis, Karol Bagh",14366.19718,3,255,3
"The Amaryllis, Karol Bagh",17223.91084,2,170,2
"The Amaryllis, Karol Bagh",14382.84519,3,275,3
"The Amaryllis, Karol Bagh",14075.63025,7,737,5
"The Amaryllis, Karol Bagh",18645.27629,4,523,4
other,10666.66667,3,160,3
Karol Bagh,11718.75,3,150,3
"The Amaryllis, Karol Bagh",14366.19718,3,255,3
Karol Bagh,14814.81481,2,100,2
other,8680.555556,2,50,2
Karol Bagh,16583.74793,3,200,3
other,13998.25022,2,160,2
Karol Bagh,15942.02899,1,55,1
"Dev Nagar, Karol Bagh",9722.222222,1,70,2
Karol Bagh,8760.683761,2,41,2
other,15000,3,240,3
other,13157.89474,2,125,2
"Dev Nagar, Karol Bagh",7289.719626,1,39,2
Karol Bagh,12083.33333,2,145,3
"The Amaryllis, Karol Bagh",13324.45037,2,200,3
"The Amaryllis, Karol Bagh",21585.90308,3,245,3
"The Amaryllis, Karol Bagh",17416.66667,2,209,3
"The Amaryllis, Karol Bagh",19590.90909,3,431,3
other,14516.12903,3,180,3
"DLF Capital Greens, New Moti Nagar, Kirti Nagar",16655.56296,5,500,4
"New Moti Nagar, Kirti Nagar",13703.7037,2,185,3
"New Moti Nagar, Kirti Nagar",20217.3913,5,465,4
"New Moti Nagar, Kirti Nagar",12246.3261,3,175,3
"New Moti Nagar, Kirti Nagar",17489.71193,5,425,4
"DLF Capital Greens, New Moti Nagar, Kirti Nagar",10689.65517,3,155,3
"DLF Capital Greens, New Moti Nagar, Kirti Nagar",12000,2,150,2
"DLF Capital Greens, New Moti Nagar, Kirti Nagar",14285.71429,4,400,4
"DLF Capital Greens, New Moti Nagar, Kirti Nagar",12150.66829,3,200,3
"New Moti Nagar, Kirti Nagar",7444.444444,2,67,2
"DLF Capital Greens, New Moti Nagar, Kirti Nagar",12800,2,160,3
"New Moti Nagar, Kirti Nagar",8888.888889,2,80,3
"DLF Capital Greens, New Moti Nagar, Kirti Nagar",15723.27044,2,250,3
"New Moti Nagar, Kirti Nagar",25252.52525,2,250,3
"DLF Capital Greens, New Moti Nagar, Kirti Nagar",16432.95355,5,375,4
"DLF Capital Greens, New Moti Nagar, Kirti Nagar",19841.26984,3,250,3
"New Moti Nagar, Kirti Nagar",15785.86136,3,230,3
"New Moti Nagar, Kirti Nagar",12500,2,175,3
other,20229.88506,4,440,4
"DLF Capital Greens, New Moti Nagar, Kirti Nagar",10344.82759,3,150,3
"DLF Capital Greens, New Moti Nagar, Kirti Nagar",15178.57143,5,425,4
"New Moti Nagar, Kirti Nagar",5806.445619,2,50,2
"DLF Capital Greens, New Moti Nagar, Kirti Nagar",16652.0596,5,380,4
"DLF Capital Greens, New Moti Nagar, Kirti Nagar",10838.56246,3,190,3
"New Moti Nagar, Kirti Nagar",16359.53366,5,435,4
"New Moti Nagar, Kirti Nagar",12580.64516,2,195,3
"DLF Capital Greens, New Moti Nagar, Kirti Nagar",9659.863946,2,142,3
"New Moti Nagar, Kirti Nagar",20227.92023,2,142,3
"New Moti Nagar, Kirti Nagar",11862.9174,2,135,2
Sheikh Sarai Phase 1,13125,3,210,3
Sheikh Sarai Phase 1,14062.5,3,225,3
other,15200,4,190,2
other,9259.259259,2,75,3
"Savitri Nagar Village, Sheikh Sarai",6837.606838,2,40,2
"Savitri Nagar Village, Sheikh Sarai",4705.882353,3,80,3
Sheikh Sarai Phase 1,10555.55556,4,190,3
other,11666.66667,1,70,1
"Panchsheel Vihar, Sheikh Sarai",4640,3,58,3
"Savitri Nagar Village, Sheikh Sarai",13333.33333,2,80,3
Sheikh Sarai Phase 1,11750,4,188,3
"Panchsheel Vihar, Sheikh Sarai",5454.545455,2,60,3
"Panchsheel Vihar, Sheikh Sarai",4888.888889,1,22,1
"Savitri Nagar Village, Sheikh Sarai",7602.339181,2,65,3
Sheikh Sarai Phase 1,18193.52961,2,235,3
Sheikh Sarai Phase 1,12307.69231,2,160,2
Sheikh Sarai Phase 1,14814.81481,3,200,3
Sheikh Sarai Phase 1,6111.111111,2,55,2
Sheikh Sarai Phase 1,15882.35294,2,135,2
Sheikh Sarai Phase 1,13636.36364,3,225,3
"Panchsheel Vihar, Sheikh Sarai",5846.153846,2,38,2
other,7301.587302,2,46,2
Sheikh Sarai Phase 1,14000,1,175,2
"Panchsheel Vihar, Sheikh Sarai",3055.555556,3,55,4
Sheikh Sarai Phase 1,15000,3,225,3
Sheikh Sarai Phase 1,11363.63636,2,125,2
Sheikh Sarai Phase 1,13571.42857,2,190,3
Sheikh Sarai Phase 1,11923.07692,2,155,2
Sheikh Sarai Phase 1,12272.72727,2,135,2
Sheikh Sarai Phase 1,13125,3,210,3
other,22222.22222,4,500,4
Punjabi Bagh,16396.60494,3,425,4
Punjabi Bagh West,25277.77778,4,455,4
Punjabi Bagh,13529.41176,3,230,3
Punjabi Bagh West,7317.073171,3,120,3
Punjabi Bagh West,13608.08709,3,350,3
other,11904.7619,3,250,3
"Punjabi Bagh Extension, Punjabi Bagh",17901.23457,3,290,3
Punjabi Bagh West,32000,4,800,4
Punjabi Bagh West,9111.111111,3,205,3
other,21472.39264,4,525,4
Punjabi Bagh,16666.66667,4,375,4
other,9375,2,75,2
other,22413.7931,3,325,3
"Punjabi Bagh Extension, Punjabi Bagh",17013.88889,3,245,3
Punjabi Bagh West,12452.10728,5,650,5
Punjabi Bagh,15277.77778,3,275,3
Punjabi Bagh West,25813.69248,5,1150,5
"Punjabi Bagh Extension, Punjabi Bagh",143589.7436,3,280,3
"Punjabi Bagh Extension, Punjabi Bagh",9909.66719,1,80,2
Punjabi Bagh West,21457.14286,4,751,4
other,7800,2,78,2
other,16666.66667,2,150,2
Punjabi Bagh East,15277.77778,3,275,3
Punjabi Bagh West,1469.723692,3,250,3
Punjabi Bagh East,11111.11111,4,260,4
Punjabi Bagh East,17407.40741,3,235,3
other,9051.724138,1,42,3
Punjabi Bagh East,10482.18029,2,100,2
other,16017.31602,2,185,2
Alaknanda,23571.42857,2,165,2
"Shivalik Apartments, Alaknanda",14081.63265,2,138,2
"Narmada Apartment, Alaknanda",15555.55556,3,210,3
other,12500,3,225,3
"Aravali Apartments, Alaknanda",15483.85498,2,150,2
"Narmada Apartment, Alaknanda",16000,3,200,3
"Aravali Apartments, Alaknanda",11111.11111,3,200,3
"Shivalik Apartments, Alaknanda",18571.42857,2,260,3
"Narmada Apartment, Alaknanda",19500,3,195,3
other,11944.44444,2,215,4
Alaknanda,17666.66667,3,265,3
"Narmada Apartment, Alaknanda",12500,3,200,3
other,12857.14286,3,180,3
Alaknanda,13571.42857,2,190,3
other,13518.51852,4,365,4
Alaknanda,13636.36364,2,150,2
Alaknanda,14583.33333,2,175,2
Alaknanda,10000,2,140,2
other,14000,3,210,3
Alaknanda,11818.18182,2,156,3
other,14615.38462,3,190,3
"Narmada Apartment, Alaknanda",14347.82609,2,165,2
Alaknanda,13194.44444,3,190,3
"Nilgiri Apartment, Alaknanda",11785.71429,2,165,2
Alaknanda,6666.666667,1,30,1
other,11538.46154,2,150,2
"Nilgiri Apartment, Alaknanda",11916.66667,2,143,2
"Nilgiri Apartment, Alaknanda",14230.76923,2,185,3
other,13571.42857,3,190,3
Alaknanda,13571.42857,3,190,3
"Govindpuri Extension, Kalkaji",6600,2,33,2
"Govindpuri Extension, Kalkaji",5428.571429,2,38,2
"Govindpuri Extension, Kalkaji",7777.777778,3,70,3
Kalkaji,13095.2381,3,165,3
"Govindpuri Extension, Kalkaji",8421.052632,2,80,3
other,13827.16049,1,56,1
Kalkaji,11666.66667,2,210,2
Kalkaji,16153.84615,3,210,3
"Govindpuri Extension, Kalkaji",8600,3,86,3
other,7333.333333,2,66,3
"Govindpuri Extension, Kalkaji",7777.777778,3,140,3
"Govindpuri Extension, Kalkaji",6527.777778,2,47,2
other,20202.0202,3,300,3
Kalkaji,16250,3,260,3
"Deshbandhu Apartments, Kalkaji",15416.66667,2,185,2
other,7222.222222,2,65,2
Kalkaji,16666.66667,2,150,2
other,10000,2,80,2
"Deshbandhu Apartments, Kalkaji",14000,3,161,2
"Govindpuri Extension, Kalkaji",7555.555556,3,68,3
Kalkaji Extention,6355.140187,2,68,3
Kalkaji Extention,8571.428571,2,90,2
other,18000,2,180,2
other,17741.93548,3,275,3
other,10384.61538,2,135,3
Kalkaji,17283.95062,2,140,2
Kalkaji,10000,2,90,2
"Deshbandhu Apartments, Kalkaji",13333.33333,2,160,2
Kalkaji Extention,11000,3,110,2
"Govindpuri Extension, Kalkaji",7638.888889,2,55,2
Hauz Khas,18849.20635,3,475,3
Hauz Khas,26470.58824,4,450,3
Hauz Khas,24166.66667,3,435,3
other,30000,5,1800,5
Hauz Khas,44444.44444,4,800,4
other,18750,3,375,3
Hauz Khas,29041.62633,4,600,4
"Hauz Khas Enclave, Hauz Khas",34634.14634,3,710,3
"Safdarjung Development Area, Hauz Khas",16818.18182,3,185,3
Hauz Khas,15555.55556,4,700,4
"Hauz Khas Enclave, Hauz Khas",18888.88889,5,850,4
other,29230.76923,5,1900,4
other,31034.48276,6,1350,4
Hauz Khas,20000,3,350,3
"Safdarjung Development Area, Hauz Khas",18055.55556,4,650,4
"Hauz Khas Enclave, Hauz Khas",22916.66667,2,275,2
Hauz Khas,30000,4,450,3
"Hauz Khas Enclave, Hauz Khas",44444.44444,4,1000,4
Hauz Khas,26111.11111,4,470,3
Hauz Khas,17187.5,4,275,3
Hauz Khas,25000,5,700,4
other,21470.58824,3,365,3
"Hauz Khas Enclave, Hauz Khas",27083.33333,5,650,4
other,17676.76768,4,350,3
"Hauz Khas Enclave, Hauz Khas",26666.66667,5,560,4
"Hauz Khas Enclave, Hauz Khas",20370.37037,4,1100,4
"Safdarjung Development Area, Hauz Khas",19200,3,240,3
Hauz Khas,44565.21739,4,1025,4
"Hauz Khas Enclave, Hauz Khas",37037.03704,4,1000,4
"Safdarjung Development Area, Hauz Khas",31034.48276,3,450,3
Chittaranjan Park,13829.27992,3,290,3
other,20400,3,255,3
Chittaranjan Park,20937.5,3,335,3
Chittaranjan Park,24038.46154,5,625,4
Chittaranjan Park,27941.17647,3,475,3
Chittaranjan Park,13172.04301,3,147,3
Chittaranjan Park,16822.42991,3,180,2
Chittaranjan Park,18750,3,225,3
Chittaranjan Park,18333.33333,3,220,3
other,18500,3,222,3
Chittaranjan Park,15517.24138,3,225,3
Chittaranjan Park,7500,2,75,2
other,12345.67901,4,300,4
Chittaranjan Park,6878.306878,1,65,2
Chittaranjan Park,21212.12121,3,350,3
other,12962.96296,2,175,3
Chittaranjan Park,22857.14286,5,600,4
Chittaranjan Park,22222.22222,4,400,4
Chittaranjan Park,92000,3,115,3
Chittaranjan Park,15625,3,225,3
Chittaranjan Park,15000,4,285,3
Chittaranjan Park,16111.11111,3,290,3
Chittaranjan Park,12916.66667,2,155,3
other,14444.44444,3,260,3
Chittaranjan Park,13750,3,165,3
Chittaranjan Park,13355.99806,5,550,4
Chittaranjan Park,11904.7619,2,125,3
Chittaranjan Park,20000,3,175,3
other,11616.16162,2,115,2
Chittaranjan Park,1674.208145,3,185,3
